english_text,french_text
Search Books,Rechercher des livres
The student is reading a digital book in the university library.,L'??tudiant lit un livre num??rique dans la biblioth??que universitaire.
computer books,livres informatique
I am a student in computer science.,Je suis etudiante en informatique.
I am a final year student.,Je suis etudiante en derniere annee.
"Search books by title, author, or topic.","Recherchez des livres par titre, auteur ou sujet."
The digital library supports online reading.,La bibliotheque numerique prend en charge la lecture en ligne.
Students can choose books for recommendations.,Les etudiants peuvent choisir des livres pour les recommandations.
The librarian manages books and users.,Le bibliothecaire gere les livres et les utilisateurs.
This page is ready for narration.,Cette page est prete pour la narration.
French translation is available for readable pages.,La traduction francaise est disponible pour les pages lisibles.
Choose your learning focus.,Choisissez votre objectif d apprentissage.
Start learning today.,Commencez a apprendre aujourd hui.
