english_text,french_text,source
"Search Books","Rechercher des livres",translation_memory
"My Borrowed Books","Mes livres empruntes",translation_memory
"Reading Progress","Progression de lecture",translation_memory
Favorites,Favoris,translation_memory
Bookmarks,Signets,translation_memory
Recommendations,Recommandations,translation_memory
Notifications,Notifications,translation_memory
"Upload Book","Televerser un livre",translation_memory
"I am a student at ines in computer science and I am a final year student","Je suis etudiante en informatique et je suis en derniere annee.",book_page_index
